file	run	vm	driver_tally	exit
phase7-tier3s-headless	bats-20261004T220541Z-2981454	qci-c1-record-1	s120:196/0	0
phase7-tier3s-denied	bats-20261004T220726Z-2988566	qci-bats-phase7-tier3s-denied-261004-224817-2678831-8696	s121:155/0	0
phase7-tier3s-sigkill-cleanup	bats-20261004T220908Z-2997588	qci-bats-phase7-tier3s-sigkill-cleanup-261004-224817-2678842-11625	s122:152/0	0
phase7-tier3s-waypipe	bats-20261004T221038Z-3006367	qci-c1-record-2	s123:76/0	0
phase7-tier3s-app	bats-20261004T221153Z-3014797	qci-bats-phase7-tier3s-app-261004-224817-2678874-19276	s124:75/0	0
phase7-tier3s-lifecycle	bats-20261004T221434Z-3029906	qci-c1-record-3	s125:97/0	0
phase7-tier3s-chrome-secctx	bats-20261004T221600Z-3039026	qci-bats-phase7-tier3s-chrome-secctx-261004-224817-2678897-25391	s126:91/0	0
phase7-tier3s-clipboard-gate	bats-20261004T221712Z-3047152	qci-bats-phase7-tier3s-clipboard-gate-261004-224817-2678916-18385	s127:99/0	0
phase7-tier3s-lineage	bats-20261004T221838Z-3056132	qci-bats-phase7-tier3s-lineage-261004-224817-2678925-19735	s128:54/0	0
phase7-tier3s-hostile-stream	bats-20261004T221950Z-3064147	qci-bats-phase7-tier3s-hostile-stream-261004-224817-2678940-25328	s129:78/0	0
phase7-tier3s-limits	bats-20261004T222107Z-3072432	qci-c1-record-4	s130:80/0	0
phase7-tier3s-netnone	bats-20261004T222406Z-3088517	qci-c1-record-5	s131:41/0	0
