gate	subject	status	exit_code	exit_class	kind	log	notes	category
bats	phase7-tier3s-app.bats	fail	35	bats	bats	bats/phase7-tier3s-app.bats.log	VM=qci-bats-phase7-tier3s-app-261003-183943-2215538-4199 raw_rc=1	integration
lifecycle	qci-bats-phase7-tier3s-app-261003-183943-2215538-4199	skip	0	pass	vm		failed VM powered off (disk preserved) for debugging; virsh start to inspect	vm
bats	phase7-tier3s-chrome-secctx.bats	pass	0	pass	bats	bats/phase7-tier3s-chrome-secctx.bats.log	VM=qci-bats-phase7-tier3s-chrome-secctx-261003-183943-2215549-9939	integration
bats	phase7-tier3s-clipboard-gate.bats	fail	35	bats	bats	bats/phase7-tier3s-clipboard-gate.bats.log	VM=qci-bats-phase7-tier3s-clipboard-gate-261003-183943-2215542-25261 raw_rc=1	integration
lifecycle	qci-bats-phase7-tier3s-clipboard-gate-261003-183943-2215542-25261	skip	0	pass	vm		failed VM powered off (disk preserved) for debugging; virsh start to inspect	vm
bats	phase7-tier3s-denied.bats	pass	0	pass	bats	bats/phase7-tier3s-denied.bats.log	VM=qci-bats-phase7-tier3s-denied-261003-183943-2215565-23150	integration
bats	phase7-tier3s-headless.bats	pass	0	pass	bats	bats/phase7-tier3s-headless.bats.log	VM=qci-bats-phase7-tier3s-headless-261003-183943-2215581-9330	integration
bats	phase7-tier3s-hostile-stream.bats	fail	35	bats	bats	bats/phase7-tier3s-hostile-stream.bats.log	VM=qci-bats-phase7-tier3s-hostile-stream-261003-183943-2215592-9458 raw_rc=1	integration
lifecycle	qci-bats-phase7-tier3s-hostile-stream-261003-183943-2215592-9458	skip	0	pass	vm		failed VM powered off (disk preserved) for debugging; virsh start to inspect	vm
bats	phase7-tier3s-lifecycle.bats	fail	35	bats	bats	bats/phase7-tier3s-lifecycle.bats.log	VM=qci-bats-phase7-tier3s-lifecycle-261003-184154-2284100-18162 raw_rc=1	integration
lifecycle	qci-bats-phase7-tier3s-lifecycle-261003-184154-2284100-18162	skip	0	pass	vm		failed VM powered off (disk preserved) for debugging; virsh start to inspect	vm
bats	phase7-tier3s-lineage.bats	fail	35	bats	bats	bats/phase7-tier3s-lineage.bats.log	VM=qci-bats-phase7-tier3s-lineage-261003-184201-2288949-22187 raw_rc=1	integration
lifecycle	qci-bats-phase7-tier3s-lineage-261003-184201-2288949-22187	skip	0	pass	vm		failed VM powered off (disk preserved) for debugging; virsh start to inspect	vm
bats	phase7-tier3s-sigkill-cleanup.bats	pass	0	pass	bats	bats/phase7-tier3s-sigkill-cleanup.bats.log	VM=qci-bats-phase7-tier3s-sigkill-cleanup-261003-184204-2291452-1917	integration
bats	phase7-tier3s-waypipe.bats	pass	0	pass	bats	bats/phase7-tier3s-waypipe.bats.log	VM=qci-bats-phase7-tier3s-waypipe-261003-184220-2300038-22186	integration
