gate	subject	provision_s	work_s	total_s	rc	vm
bats	phase7-tier3s-app.bats	24	90	114	0	qci-bats-phase7-tier3s-app-261004-120147-26911-8339
bats	phase7-tier3s-chrome-secctx.bats	25	72	97	0	qci-bats-phase7-tier3s-chrome-secctx-261004-120147-26935-11251
bats	phase7-tier3s-clipboard-gate.bats	24	84	108	0	qci-bats-phase7-tier3s-clipboard-gate-261004-120147-26917-30915
bats	phase7-tier3s-denied.bats	23	95	118	0	qci-bats-phase7-tier3s-denied-261004-120147-26951-13993
bats	phase7-tier3s-headless.bats	23	116	139	0	qci-bats-phase7-tier3s-headless-261004-120147-26965-25531
bats	phase7-tier3s-hostile-stream.bats	24	79	103	0	qci-bats-phase7-tier3s-hostile-stream-261004-120147-26976-7547
bats	phase7-tier3s-lifecycle.bats	24	103	127	0	qci-bats-phase7-tier3s-lifecycle-261004-120147-27005-22896
bats	phase7-tier3s-lineage.bats	24	74	98	0	qci-bats-phase7-tier3s-lineage-261004-120147-27002-31654
bats	phase7-tier3s-sigkill-cleanup.bats	24	108	132	0	qci-bats-phase7-tier3s-sigkill-cleanup-261004-120147-27014-12962
bats	phase7-tier3s-waypipe.bats	23	74	97	0	qci-bats-phase7-tier3s-waypipe-261004-120147-27035-22446
